variety	site	y1931	y1932
Glabron	Morris	28.76667	35.13333
Manchuria	Morris	27.43334	34.36666
No. 457	Morris	28.7	43.53334
No. 462	Morris	30.36667	47
No. 475	Morris	22.6	44.23333
Peatland	Morris	29.86667	43.2
Svansota	Morris	25.76667	35.03333
Trebi	Morris	43.76667	46.63333
Velvet	Morris	26.13333	38.83333
Wisconsin No. 38	Morris	29.46667	47.16667
